{"Bug": {"Flying": 0.1529, "Poison": 0.14118, "Grass": 0.07059, "Rock": 0.07059, "Steel": 0.05877, "Water": 0.05877, "Electric": 0.04706, "Fire": 0.04706, "Fighting": 0.03524, "Fairy": 0.02353, "Psychic": 0.02353, "Ice": 0.02353, "Ground": 0.01171, "Ghost": 0.01171, "Dark": 0, "Dragon": 0, "Normal": 0}, "Dark": {"Flying": 0.0892, "Grass": 0.07143, "Water": 0.07143, "Poison": 0.07143, "Fighting": 0.07143, "Dragon": 0.07143, "Fire": 0.05349, "Ground": 0.05349, "Fairy": 0.05349, "Ice": 0.03571, "Ghost": 0.03571, "Steel": 0.03571, "Psychic": 0.03571, "Rock": 0.01778, "Normal": 0.01778, "Electric": 0.01778, "Bug": 0}, "Dragon": {"Flying": 0.10714, "Ground": 0.10714, "Ghost": 0.07143, "Dark": 0.07143, "Water": 0.05349, "Poison": 0.05349, "Grass": 0.05349, "Psychic": 0.03571, "Steel": 0.03571, "Fire": 0.03571, "Electric": 0.03571, "Rock": 0.03571, "Fighting": 0.03571, "Ice": 0.01778, "Normal": 0.01778, "Bug": 0, "Fairy": 0}, "Electric": {"Steel": 0.07018, "Bug": 0.07018, "Flying": 0.05256, "Water": 0.03509, "Dragon": 0.03509, "Normal": 0.03509, "Fairy": 0.03509, "Poison": 0.03509, "Ghost": 0.01747, "Ground": 0.01747, "Dark": 0.01747, "Ice": 0.01747, "Fighting": 0, "Fire": 0, "Grass": 0, "Psychic": 0, "Rock": 0}, "Fairy": {"Psychic": 0.1272, "Grass": 0.09083, "Normal": 0.07273, "Water": 0.07273, "Steel": 0.07273, "Flying": 0.05447, "Dark": 0.05447, "Electric": 0.03637, "Rock": 0.03637, "Bug": 0.03637, "Ghost": 0.0181, "Dragon": 0, "Fighting": 0, "Fire": 0, "Ground": 0, "Ice": 0, "Poison": 0}, "Fighting": {"Fire": 0.09677, "Dark": 0.06452, "Bug": 0.04831, "Grass": 0.04831, "Psychic": 0.04831, "Steel": 0.04831, "Poison": 0.04831, "Water": 0.03226, "Normal": 0.03226, "Dragon": 0.03226, "Rock": 0.01606, "Flying": 0.01606, "Ice": 0.01606, "Ghost": 0.01606, "Electric": 0, "Fairy": 0, "Ground": 0}, "Fire": {"Flying": 0.08451, "Fighting": 0.08451, "Ghost": 0.05634, "Bug": 0.05634, "Rock": 0.04219, "Dark": 0.04219, "Ground": 0.02817, "Psychic": 0.02817, "Dragon": 0.02817, "Normal": 0.02817, "Poison": 0.02817, "Steel": 0.01402, "Water": 0.01402, "Electric": 0, "Fairy": 0, "Grass": 0, "Ice": 0}, "Flying": {"Normal": 0.25244, "Bug": 0.12618, "Water": 0.07767, "Fire": 0.05825, "Dragon": 0.05825, "Psychic": 0.05825, "Grass": 0.05825, "Dark": 0.0485, "Rock": 0.03884, "Poison": 0.02908, "Electric": 0.02908, "Fairy": 0.02908, "Ground": 0.02908, "Steel": 0.02908, "Ice": 0.01942, "Ghost": 0.01942, "Fighting": 0.00967}, "Ghost": {"Grass": 0.11538, "Ground": 0.09607, "Dragon": 0.07692, "Fire": 0.07692, "Poison": 0.05761, "Water": 0.05761, "Steel": 0.05761, "Dark": 0.03846, "Flying": 0.03846, "Psychic": 0.03846, "Bug": 0.01914, "Ice": 0.01914, "Electric": 0.01914, "Fairy": 0.01914, "Fighting": 0.01914, "Normal": 0, "Rock": 0}, "Grass": {"Poison": 0.13085, "Bug": 0.05608, "Flying": 0.05608, "Ghost": 0.05608, "Fairy": 0.04669, "Psychic": 0.03738, "Dark": 0.03738, "Water": 0.028, "Fighting": 0.028, "Steel": 0.028, "Dragon": 0.028, "Rock": 0.01869, "Ice": 0.01869, "Normal": 0.01869, "Ground": 0.0093, "Electric": 0, "Fire": 0}, "Ground": {"Rock": 0.13229, "Water": 0.13229, "Dragon": 0.08824, "Ghost": 0.07346, "Flying": 0.04405, "Ice": 0.04405, "Dark": 0.04405, "Poison": 0.02941, "Steel": 0.02941, "Fire": 0.02941, "Psychic": 0.02941, "Normal": 0.02941, "Bug": 0.01464, "Grass": 0.01464, "Electric": 0.01464, "Fairy": 0, "Fighting": 0}, "Ice": {"Water": 0.17064, "Psychic": 0.07307, "Ground": 0.07307, "Flying": 0.04879, "Dark": 0.04879, "Grass": 0.04879, "Rock": 0.04879, "Bug": 0.04879, "Ghost": 0.02428, "Dragon": 0.02428, "Fighting": 0.02428, "Electric": 0.02428, "Fairy": 0, "Fire": 0, "Normal": 0, "Poison": 0, "Steel": 0}, "Normal": {"Flying": 0.22223, "Psychic": 0.0427, "Fairy": 0.03419, "Grass": 0.01709, "Ground": 0.01709, "Fire": 0.01709, "Electric": 0.01709, "Fighting": 0.01709, "Water": 0.00851, "Dragon": 0.00851, "Dark": 0.00851, "Bug": 0, "Ghost": 0, "Ice": 0, "Poison": 0, "Rock": 0, "Steel": 0}, "Poison": {"Grass": 0.1972, "Bug": 0.16902, "Water": 0.08451, "Dark": 0.05634, "Flying": 0.04219, "Ghost": 0.04219, "Fighting": 0.04219, "Dragon": 0.04219, "Ground": 0.02817, "Fire": 0.02817, "Electric": 0.02817, "Rock": 0.01402, "Fairy": 0, "Ice": 0, "Normal": 0, "Psychic": 0, "Steel": 0}, "Psychic": {"Fairy": 0.07688, "Steel": 0.07688, "Flying": 0.06594, "Water": 0.0549, "Normal": 0.0549, "Grass": 0.04396, "Ice": 0.03292, "Fighting": 0.03292, "Rock": 0.02198, "Ground": 0.02198, "Dragon": 0.02198, "Fire": 0.02198, "Dark": 0.02198, "Ghost": 0.02198, "Bug": 0.02198, "Electric": 0, "Poison": 0}, "Rock": {"Water": 0.1666, "Ground": 0.1363, "Steel": 0.10599, "Bug": 0.09091, "Flying": 0.06061, "Fire": 0.04539, "Psychic": 0.0303, "Grass": 0.0303, "Dragon": 0.0303, "Ice": 0.0303, "Fairy": 0.0303, "Dark": 0.01508, "Fighting": 0.01508, "Poison": 0.01508, "Electric": 0, "Ghost": 0, "Normal": 0}, "Steel": {"Rock": 0.12492, "Psychic": 0.12492, "Bug": 0.0892, "Electric": 0.07143, "Fairy": 0.07143, "Flying": 0.05349, "Fighting": 0.05349, "Grass": 0.05349, "Ghost": 0.05349, "Ground": 0.03571, "Dragon": 0.03571, "Dark": 0.03571, "Water": 0.01778, "Fire": 0.01778, "Ice": 0, "Normal": 0, "Poison": 0}, "Water": {"Rock": 0.07743, "Ground": 0.06335, "Flying": 0.05634, "Ice": 0.04926, "Poison": 0.04225, "Psychic": 0.03518, "Bug": 0.03518, "Fairy": 0.02817, "Dark": 0.02817, "Dragon": 0.02109, "Grass": 0.02109, "Ghost": 0.02109, "Fighting": 0.01408, "Electric": 0.01408, "Steel": 0.00701, "Normal": 0.00701, "Fire": 0.00701}}