{
    "Bug": {
        "Flying": 0.1529,
        "Poison": 0.14118,
        "Grass": 0.07059,
        "Steel": 0.05877,
        "Rock": 0.07059,
        "Fighting": 0.03524,
        "Water": 0.05877,
        "Ground": 0.01171,
        "Ghost": 0.01171,
        "Electric": 0.04706,
        "Fire": 0.04706,
        "Fairy": 0.02353,
        "Psychic": 0.02353,
        "Ice": 0.02353,
        "Dark": 0,
        "Dragon": 0,
        "Normal": 0
    },
    "Dark": {
        "Flying": 0.0892,
        "Ice": 0.03571,
        "Fire": 0.05349,
        "Rock": 0.01778,
        "Grass": 0.07143,
        "Ghost": 0.03571,
        "Water": 0.07143,
        "Poison": 0.07143,
        "Ground": 0.05349,
        "Fighting": 0.07143,
        "Steel": 0.03571,
        "Dragon": 0.07143,
        "Psychic": 0.03571,
        "Fairy": 0.05349,
        "Normal": 0.01778,
        "Electric": 0.01778,
        "Bug": 0
    },
    "Dragon": {
        "Flying": 0.10714,
        "Water": 0.05349,
        "Ground": 0.10714,
        "Psychic": 0.03571,
        "Steel": 0.03571,
        "Ghost": 0.07143,
        "Dark": 0.07143,
        "Fire": 0.03571,
        "Electric": 0.03571,
        "Ice": 0.01778,
        "Poison": 0.05349,
        "Rock": 0.03571,
        "Normal": 0.01778,
        "Fighting": 0.03571,
        "Grass": 0.05349,
        "Bug": 0,
        "Fairy": 0
    },
    "Electric": {
        "Steel": 0.07018,
        "Flying": 0.05256,
        "Water": 0.03509,
        "Ghost": 0.01747,
        "Bug": 0.07018,
        "Ground": 0.01747,
        "Dragon": 0.03509,
        "Normal": 0.03509,
        "Fairy": 0.03509,
        "Poison": 0.03509,
        "Dark": 0.01747,
        "Ice": 0.01747,
        "Fighting": 0,
        "Fire": 0,
        "Grass": 0,
        "Psychic": 0,
        "Rock": 0
    },
    "Fairy": {
        "Normal": 0.07273,
        "Psychic": 0.1272,
        "Flying": 0.05447,
        "Water": 0.07273,
        "Steel": 0.07273,
        "Grass": 0.09083,
        "Electric": 0.03637,
        "Rock": 0.03637,
        "Bug": 0.03637,
        "Ghost": 0.0181,
        "Dark": 0.05447,
        "Dragon": 0,
        "Fighting": 0,
        "Fire": 0,
        "Ground": 0,
        "Ice": 0,
        "Poison": 0
    },
    "Fighting": {
        "Water": 0.03226,
        "Bug": 0.04831,
        "Fire": 0.09677,
        "Grass": 0.04831,
        "Psychic": 0.04831,
        "Steel": 0.04831,
        "Poison": 0.04831,
        "Dark": 0.06452,
        "Rock": 0.01606,
        "Flying": 0.01606,
        "Ice": 0.01606,
        "Normal": 0.03226,
        "Dragon": 0.03226,
        "Ghost": 0.01606,
        "Electric": 0,
        "Fairy": 0,
        "Ground": 0
    },
    "Fire": {
        "Flying": 0.08451,
        "Rock": 0.04219,
        "Dark": 0.04219,
        "Fighting": 0.08451,
        "Ground": 0.02817,
        "Steel": 0.01402,
        "Psychic": 0.02817,
        "Ghost": 0.05634,
        "Bug": 0.05634,
        "Dragon": 0.02817,
        "Normal": 0.02817,
        "Water": 0.01402,
        "Poison": 0.02817,
        "Electric": 0,
        "Fairy": 0,
        "Grass": 0,
        "Ice": 0
    },
    "Flying": {
        "Fire": 0.05825,
        "Bug": 0.12618,
        "Normal": 0.25244,
        "Poison": 0.02908,
        "Water": 0.07767,
        "Rock": 0.03884,
        "Ice": 0.01942,
        "Electric": 0.02908,
        "Dragon": 0.05825,
        "Fairy": 0.02908,
        "Psychic": 0.05825,
        "Grass": 0.05825,
        "Dark": 0.0485,
        "Ground": 0.02908,
        "Steel": 0.02908,
        "Ghost": 0.01942,
        "Fighting": 0.00967
    },
    "Ghost": {
        "Poison": 0.05761,
        "Bug": 0.01914,
        "Dark": 0.03846,
        "Flying": 0.03846,
        "Ice": 0.01914,
        "Electric": 0.01914,
        "Dragon": 0.07692,
        "Water": 0.05761,
        "Fire": 0.07692,
        "Ground": 0.09607,
        "Steel": 0.05761,
        "Grass": 0.11538,
        "Psychic": 0.03846,
        "Fairy": 0.01914,
        "Fighting": 0.01914,
        "Normal": 0,
        "Rock": 0
    },
    "Grass": {
        "Poison": 0.13085,
        "Bug": 0.05608,
        "Psychic": 0.03738,
        "Flying": 0.05608,
        "Water": 0.028,
        "Dark": 0.03738,
        "Fighting": 0.028,
        "Rock": 0.01869,
        "Ground": 0.0093,
        "Ice": 0.01869,
        "Fairy": 0.04669,
        "Normal": 0.01869,
        "Steel": 0.028,
        "Ghost": 0.05608,
        "Dragon": 0.028,
        "Electric": 0,
        "Fire": 0
    },
    "Ground": {
        "Poison": 0.02941,
        "Rock": 0.13229,
        "Water": 0.13229,
        "Flying": 0.04405,
        "Steel": 0.02941,
        "Ice": 0.04405,
        "Bug": 0.01464,
        "Fire": 0.02941,
        "Dragon": 0.08824,
        "Psychic": 0.02941,
        "Grass": 0.01464,
        "Dark": 0.04405,
        "Electric": 0.01464,
        "Ghost": 0.07346,
        "Normal": 0.02941,
        "Fairy": 0,
        "Fighting": 0
    },
    "Ice": {
        "Water": 0.17064,
        "Psychic": 0.07307,
        "Flying": 0.04879,
        "Dark": 0.04879,
        "Ground": 0.07307,
        "Grass": 0.04879,
        "Ghost": 0.02428,
        "Dragon": 0.02428,
        "Rock": 0.04879,
        "Fighting": 0.02428,
        "Bug": 0.04879,
        "Electric": 0.02428,
        "Fairy": 0,
        "Fire": 0,
        "Normal": 0,
        "Poison": 0,
        "Steel": 0
    },
    "Normal": {
        "Flying": 0.22223,
        "Fairy": 0.03419,
        "Psychic": 0.0427,
        "Water": 0.00851,
        "Grass": 0.01709,
        "Ground": 0.01709,
        "Fire": 0.01709,
        "Electric": 0.01709,
        "Fighting": 0.01709,
        "Dragon": 0.00851,
        "Dark": 0.00851,
        "Bug": 0,
        "Ghost": 0,
        "Ice": 0,
        "Poison": 0,
        "Rock": 0,
        "Steel": 0
    },
    "Poison": {
        "Grass": 0.1972,
        "Bug": 0.16902,
        "Ground": 0.02817,
        "Flying": 0.04219,
        "Water": 0.08451,
        "Ghost": 0.04219,
        "Dark": 0.05634,
        "Fighting": 0.04219,
        "Dragon": 0.04219,
        "Fire": 0.02817,
        "Rock": 0.01402,
        "Electric": 0.02817,
        "Fairy": 0,
        "Ice": 0,
        "Normal": 0,
        "Psychic": 0,
        "Steel": 0
    },
    "Psychic": {
        "Water": 0.0549,
        "Grass": 0.04396,
        "Fairy": 0.07688,
        "Ice": 0.03292,
        "Flying": 0.06594,
        "Normal": 0.0549,
        "Fighting": 0.03292,
        "Rock": 0.02198,
        "Ground": 0.02198,
        "Steel": 0.07688,
        "Dragon": 0.02198,
        "Fire": 0.02198,
        "Dark": 0.02198,
        "Ghost": 0.02198,
        "Bug": 0.02198,
        "Electric": 0,
        "Poison": 0
    },
    "Rock": {
        "Ground": 0.1363,
        "Water": 0.1666,
        "Flying": 0.06061,
        "Bug": 0.09091,
        "Fire": 0.04539,
        "Dark": 0.01508,
        "Steel": 0.10599,
        "Psychic": 0.0303,
        "Grass": 0.0303,
        "Fighting": 0.01508,
        "Dragon": 0.0303,
        "Ice": 0.0303,
        "Fairy": 0.0303,
        "Poison": 0.01508,
        "Electric": 0,
        "Ghost": 0,
        "Normal": 0
    },
    "Steel": {
        "Electric": 0.07143,
        "Bug": 0.0892,
        "Ground": 0.03571,
        "Flying": 0.05349,
        "Fairy": 0.07143,
        "Rock": 0.12492,
        "Psychic": 0.12492,
        "Water": 0.01778,
        "Fighting": 0.05349,
        "Dragon": 0.03571,
        "Fire": 0.01778,
        "Grass": 0.05349,
        "Dark": 0.03571,
        "Ghost": 0.05349,
        "Ice": 0,
        "Normal": 0,
        "Poison": 0
    },
    "Water": {
        "Fighting": 0.01408,
        "Poison": 0.04225,
        "Psychic": 0.03518,
        "Ice": 0.04926,
        "Flying": 0.05634,
        "Rock": 0.07743,
        "Electric": 0.01408,
        "Fairy": 0.02817,
        "Ground": 0.06335,
        "Dragon": 0.02109,
        "Grass": 0.02109,
        "Bug": 0.03518,
        "Dark": 0.02817,